variant	geneName	var_type	event	ME-ID	MIC_group	MIC_dist	var_MIC_region	mt_code_score	wt_code_score	logit_scaling_factor	delta_code_model	assembly	VCF_ID	prediction_status	ref_ok
chr1:1051993:C:A	AGRN	SNV	HsaEX0003157	chr1_+_1051992_1052016	known_mic	177	c1	0.9994665	0.9992736	10.782861546432413	0.04132060872319337	hg38	.	FOUND	NA
chr1:1051993:C:A	AGRN	SNV	HsaEX0003157	chr1_+_1051992_1052016	known_mic	2	ex	0.9994665	0.9992736	10.782861546432413	0.04132060872319337	hg38	.	FOUND	NA
chr1:2503612:CGTAGTTAG:C	PLCH2	Indel	HsaEX0048140	chr1_+_2503616_2503643	known_mic	-3	ex	NA	NA	NA	NA	hg38	.	NA_NOT_PRECOMPUTED	NA
chr1:2503612:CGTAGTTAG:C	PLCH2	Indel	HsaEX0048140	chr1_+_2503616_2503643	known_mic	-5	up	NA	NA	NA	NA	hg38	.	NA_NOT_PRECOMPUTED	NA
chr1:3291973:GCCTA:G	PRDM16	Indel	putative_microexon_001864090	chr1_+_3291826_3291829	new_mic	143	dn	0.00060444605	5.374996e-05	9.83321132077507	0.3551304477311275	hg38	.	FOUND	NA
chr1:3836492:T:TA	CEP104	Indel	putative_microexon_000577174	chr1_-_3836784_3836788	new_mic	-201	c2	NA	NA	NA	NA	hg38	.	NA_NOT_PRECOMPUTED	NA
chr1:3836492:T:TA	CEP104	Indel	putative_microexon_000577174	chr1_-_3836784_3836788	new_mic	292	dn	0.040550627	2.1194022e-05	12.280608627555097	0.892589470128349	hg38	.	FOUND	NA
chr1:6450472:T:C	ESPN	SNV	HsaEX0023183	chr1_+_6450443_6450470	known_mic	1	dn	0.05692208	0.7241068	6.57671110749092	-0.8275274983812317	hg38	.	FOUND	NA
chr1:7749788:G:T	CAMTA1	SNV	HsaEX0012296	chr1_+_7749770_7749791	known_mic	19	ex	0.28033718	0.40778762	9.52894856301223	-0.0862489027277341	hg38	.	FOUND	NA
chr1:7828922:ATG:A	PER3	Indel	putative_microexon_001772611	chr1_+_7828974_7828977	new_mic	-53	up	0.00041078785	0.00018797208	9.30245986229087	0.12127939157942946	hg38	.	FOUND	NA
chr1:10273032:G:A	KIF1B	SNV	HsaEX0034475	chr1_+_10273013_10273031	known_mic	0	dn	0.00040880704	0.025101949	7.89154360507016	-0.7573071460101937	hg38	.	FOUND	NA
chr1:13609450:AT:A	PDPN	Indel	putative_microexon_000613011	chr1_+_13609654_13609663	new_mic	-205	up	0.11721966	0.41376477	9.63909712423138	-0.2500411660694167	hg38	.	FOUND	NA
chr1:16382670:CT:C	SZRD1	Indel	putative_microexon_001558195	chr1_+_16382842_16382845	new_mic	-173	up	0.00012376023	1.0637253e-07	10.186974111552557	0.9997458253580447	hg38	.	FOUND	NA
chr1:21008692:G:GAAGA	EIF4G3	Indel	putative_microexon_000654971	chr1_-_21008702_21008721	new_mic	10	dn	0.017934075	0.053282946	11.5478785518067	-0.1406195147326779	hg38	.	FOUND	NA
chr1:21735172:T:TC	USP48	Indel	putative_microexon_001011607	chr1_-_21735062_21735065	new_mic	-107	up	0.026951142	0.00012893236	8.427957732020683	0.9191809291342945	hg38	.	FOUND	NA
chr1:23066072:G:A	KDM1A	SNV	HsaEX0033219	chr1_+_23066059_23066071	known_mic	0	dn	0.00015126765	0.204742	10.7929288141116	-0.9944265296278589	hg38	.	FOUND	NA
chr1:28056390:ACT:A	EYA3	Indel	putative_microexon_000353694	chr1_-_28056631_28056637	new_mic	241	dn	0.9425794	0.2392036	8.46338717462094	0.6742271197793563	hg38	.	FOUND	NA
chr1:28675778:C:CCCCGAA	GMEB1	Indel	putative_microexon_001250413	chr1_+_28675959_28675962	new_mic	-182	up	7.2139215e-07	8.6070656e-07	15.645718830983832	-0.016281638711354216	hg38	.	FOUND	NA
chr1:35818087:AAG:A	AGO4	Indel	putative_microexon_000207651	chr1_+_35818269_35818274	new_mic	-183	up	6.192583e-05	2.9634014e-06	9.92251427960118	0.4419545573821723	hg38	.	FOUND	NA
chr1:39299208:A:G	MACF1	SNV	HsaEX0037159	chr1_+_39299251_39299257	known_mic	-44	up	0.0065833256	0.14067298	4.62657658793754	-0.9999999999999994	hg38	.	FOUND	NA
chr1:39459837:G:A	MACF1	SNV	HsaEX0037158	chr1_+_39459820_39459832	known_mic	4	dn	0.0014710326	0.011343517	4.86728010963934	-0.6084099884508514	hg38	.	FOUND	NA
chr1:43602098:G:T	PTPRF	SNV	HsaEX0051138	chr1_+_43602070_43602097	known_mic	0	dn	0.028099885	0.826259	11.800046404809475	-0.6238812545728489	hg38	.	FOUND	NA
chr1:46268590:T:G	RAD54L	SNV	HsaEX0051939	chr1_+_46268565_46268588	known_mic	1	dn	0.0006426999	0.83085227	14.4058748489568	-0.8953949630781608	hg38	.	FOUND	NA
chr1:61833382:G:A	PATJ	SNV	HsaEX1027111	chr1_+_61833357_61833377	known_mic	-272	c2	0.0041229054	0.6740764	10.8096265498034	-0.8293108729470834	hg38	.	FOUND	NA
chr1:61833382:G:A	PATJ	SNV	HsaEX1027111	chr1_+_61833357_61833377	known_mic	4	dn	0.0041229054	0.6740764	10.8096265498034	-0.8293108729470834	hg38	.	FOUND	NA
chr1:66660525:G:A	SGIP1	SNV	HsaEX1036741	chr1_+_66660512_66660524	known_mic	0	dn	0.0005414054	0.63883924	14.3807421396292	-0.811712877759126	hg38	.	FOUND	NA
chr1:84175810:A:G	PRKACB	SNV	HsaEX0050092	chr1_+_84175798_84175807	known_mic	2	dn	0.0049163857	0.040422227	5.40159083606599	-0.5724048543403206	hg38	.	FOUND	NA
chr1:92713996:C:T	EVI5	SNV	putative_microexon_000087982	chr1_-_92713996_92714022	new_mic	0	dn	0.000165746	0.22032513	14.268340172372	-0.7523832819021734	hg38	.	FOUND	NA
chr1:93541057:G:A	FNBP1L	SNV	HsaEX0026120	chr1_+_93541041_93541056	known_mic	0	dn	0.20021118	0.98153496	10.904380352923706	-0.7089140040288536	hg38	.	FOUND	NA
chr1:102979593:T:C	COL11A1	SNV	HsaEX0016244	chr1_-_102979596_102979612	known_mic	157	c2	0.0012009513	0.050106633	9.33811113865636	-0.5841846214777978	hg38	.	FOUND	NA
chr1:102979593:T:C	COL11A1	SNV	HsaEX0016244	chr1_-_102979596_102979612	known_mic	3	dn	0.0012009513	0.050106633	9.33811113865636	-0.5841846214777978	hg38	.	FOUND	NA
chr1:154340544:G:A	ATP8B2	SNV	HsaEX0007086	chr1_+_154340536_154340543	known_mic	0	dn	0.056773543	0.9666461	11.7765980629496	-0.7567018835015745	hg38	.	FOUND	NA
chr1:156476489:C:T	MEF2D	SNV	HsaEX0038710	chr1_-_156476493_156476514	known_mic	4	dn	0.012587616	0.49711967	9.86407222145798	-0.6363450798859485	hg38	.	FOUND	NA
chr1:156874402:T:C	NTRK1	SNV	HsaEX0044086	chr1_+_156874382_156874400	known_mic	-169	c2	0.7648706	0.9998958	14.153956863734	-0.8143620983671577	hg38	.	FOUND	NA
chr1:156874402:T:C	NTRK1	SNV	HsaEX0044086	chr1_+_156874382_156874400	known_mic	1	dn	0.7648706	0.9998958	14.153956863734	-0.8143620983671577	hg38	.	FOUND	NA
chr1:169925786:C:T	KIFAP3	SNV	putative_microexon_000014632	chr1_-_169925786_169925792	new_mic	0	dn	0.029984614	0.8457502	8.86531022181637	-0.8426863959167809	hg38	.	FOUND	NA
chr1:184701529:C:T	EDEM3	SNV	HsaEX1046565	chr1_-_184701529_184701541	known_mic	0	dn	0.061088838	0.96406984	10.0585555221131	-0.8637302180100668	hg38	.	FOUND	NA
chr1:186969583:T:C	PLA2G4A	SNV	putative_microexon_001149719	chr1_+_186969566_186969581	new_mic	1	dn	1.75433e-05	0.0002546699	5.33049623775978	-0.7241311825611171	hg38	.	FOUND	NA
chr1:201362385:C:T	TNNT2	SNV	HsaEX0066312	chr1_-_201362385_201362391	known_mic	0	dn	0.17663923	0.8588493	7.47477390845656	-0.645623226391766	hg38	.	FOUND	NA
chr1:201790579:T:G	NAV1	SNV	HsaEX0041746	chr1_+_201790553_201790577	known_mic	-110	c2	0.012787738	0.9697034	13.646852220417731	-0.8258932444698937	hg38	.	FOUND	NA
chr1:201790579:T:G	NAV1	SNV	HsaEX0041746	chr1_+_201790553_201790577	known_mic	1	dn	0.012787738	0.9697034	13.646852220417731	-0.8258932444698937	hg38	.	FOUND	NA
chr1:226600675:G:T	STUM	SNV	HsaEX0010376	chr1_+_226600665_226600674	known_mic	0	dn	0.70015776	0.9988166	11.1097615432714	-0.7648824651481786	hg38	.	FOUND	NA
chr1:237743625:T:A	RYR2	SNV	HsaEX0056060	chr1_+_237743599_237743623	known_mic	1	dn	0.0025647946	0.25686926	8.2730777386296	-0.8546582599013481	hg38	.	FOUND	NA
chr1:237762913:T:G	RYR2	SNV	putative_microexon_000074851	chr1_+_237762893_237762911	new_mic	1	dn	0.0009125772	0.24450006	8.46885177657482	-0.9999999999999996	hg38	.	FOUND	NA
chr1:240180181:G:T	FMN2	SNV	HsaEX0026020	chr1_+_240180168_240180180	known_mic	0	dn	0.0048571434	0.35155374	6.83339755004123	-0.9944408957851996	hg38	.	FOUND	NA
chr2:9335986:C:G	ASAP2	SNV	HsaEX0006174	chr2_+_9336040_9336044	known_mic	-55	up	0.8299591	0.99711657	10.3832414299914	-0.5919802563736508	hg38	.	FOUND	NA
chr2:25419514:C:G	DTNB	SNV	HsaEX0021104	chr2_-_25419514_25419535	known_mic	0	dn	0.33598363	0.99996316	16.4109784623204	-0.95735559979862	hg38	.	FOUND	NA
chr2:33245496:G:A	LTBP1	SNV	putative_microexon_000296440	chr2_+_33245478_33245495	new_mic	0	dn	0.0023065754	0.93784916	14.9105817604776	-0.8498803477069715	hg38	.	FOUND	NA
chr2:38296684:A:C	ATL2	SNV	HsaEX0006689	chr2_-_38296685_38296700	known_mic	1	dn	0.5278961	0.9992531	11.7754846853299	-0.8682928980232144	hg38	.	FOUND	NA
chr2:50466458:T:G	NRXN1	SNV	HsaEX0043856	chr2_-_50466460_50466487	known_mic	2	dn	0.9086142	0.9976787	8.68365186267705	-0.6257589118107678	hg38	.	FOUND	NA
chr2:50921868:C:T	NRXN1	SNV	HsaEX0043854	chr2_-_50921868_50921880	known_mic	0	dn	0.85937494	0.99816245	9.55202556920692	-0.677752930263086	hg38	.	FOUND	NA
chr2:50925937:C:G	NRXN1	SNV	HsaEX1026190	chr2_-_50925937_50925952	known_mic	0	dn	0.5200151	0.99895585	10.3762145496708	-0.943155481611475	hg38	.	FOUND	NA
chr2:71363355:A:G	ZNF638	SNV	putative_microexon_000828434	chr2_+_71363342_71363349	new_mic	163	c1	6.0403785e-05	0.00029231858	5.17628640331759	-0.43953621106705026	hg38	.	FOUND	NA
chr2:71363355:A:G	ZNF638	SNV	putative_microexon_000828434	chr2_+_71363342_71363349	new_mic	5	dn	6.0403785e-05	0.00029231858	5.17628640331759	-0.43953621106705026	hg38	.	FOUND	NA
chr2:74363613:C:T	DCTN1	SNV	HsaEX0018764	chr2_-_74363613_74363628	known_mic	185	c2	0.9686903	0.99979407	7.98438231483025	-0.9135218034588942	hg38	.	FOUND	NA
chr2:74363613:C:T	DCTN1	SNV	HsaEX0018764	chr2_-_74363613_74363628	known_mic	0	dn	0.9686903	0.99979407	7.98438231483025	-0.9135218034588942	hg38	.	FOUND	NA
chr2:97531550:G:C	ANKRD36B	SNV	putative_microexon_000523997	chr2_-_97531515_97531537	new_mic	-13	up	1.4365054e-05	0.00029561252	6.37269453378911	-0.6847147381209747	hg38	.	FOUND	NA
chr2:98548925:A:G	INPP4A	SNV	HsaEX0031714	chr2_+_98548954_98548969	known_mic	-30	up	0.24505194	0.9956928	12.3078009817237	-0.7699260338795922	hg38	.	FOUND	NA
chr2:121409023:C:T	CLASP1	SNV	HsaEX0015474	chr2_-_121409023_121409047	known_mic	0	dn	0.44536677	0.99981385	16.5523478058981	-0.7677169708309053	hg38	.	FOUND	NA
chr2:127053457:A:G	BIN1	SNV	HsaEX0008095	chr2_-_127053421_127053445	known_mic	-12	up	0.99492514	0.99991214	8.95842161964926	-0.6540472549518342	hg38	.	FOUND	NA
chr2:135167715:T:G	RAB3GAP1	SNV	HsaEX0051667	chr2_+_135167692_135167713	known_mic	1	dn	0.0017711797	0.9962735	18.0174754320151	-0.9546894069250034	hg38	.	FOUND	NA
chr2:151870837:C:T	CACNB4	SNV	HsaEX0012069	chr2_-_151870841_151870861	known_mic	225	c2	0.10354361	0.99915683	20.0829507768068	-0.6634815231761024	hg38	.	FOUND	NA
chr2:151870837:C:T	CACNB4	SNV	HsaEX0012069	chr2_-_151870841_151870861	known_mic	4	dn	0.10354361	0.99915683	20.0829507768068	-0.6634815231761024	hg38	.	FOUND	NA
chr2:162421627:G:A	KCNH7	SNV	HsaEX1018360	chr2_-_162421612_162421615	known_mic	-12	up	0.4791911	0.9947496	9.76551400960941	-0.7870466671992076	hg38	.	FOUND	NA
chr2:162508730:C:G	KCNH7	SNV	putative_microexon_000045218	chr2_-_162508730_162508755	new_mic	0	dn	0.00011488702	0.0010588897	3.30149249338416	-0.9709630769293106	hg38	.	FOUND	NA
chr2:162512652:A:G	KCNH7	SNV	HsaEX6016302	chr2_-_162512653_162512674	known_mic	1	dn	0.41183558	0.9997049	12.5094128861385	-0.9784818685283386	hg38	.	FOUND	NA
chr2:168766347:T:C	CERS6	SNV	HsaEX0035450	chr2_+_168766321_168766345	known_mic	1	dn	0.8029711	0.9993088	13.2517075877154	-0.6392135326313949	hg38	.	FOUND	NA
chr2:183024976:A:G	NCKAP1	SNV	HsaEX0042009	chr2_-_183024977_183024995	known_mic	1	dn	0.9436633	0.9995565	9.00013672656105	-0.7857672921838864	hg38	.	FOUND	NA
chr2:190499857:G:C	MFSD6	SNV	HsaEX0039034	chr2_+_190499831_190499856	known_mic	-158	c2	0.01844465	0.99958247	18.5554463884843	-0.9139648260190633	hg38	.	FOUND	NA
chr2:190499857:G:C	MFSD6	SNV	HsaEX0039034	chr2_+_190499831_190499856	known_mic	0	dn	0.01844465	0.99958247	18.5554463884843	-0.9139648260190633	hg38	.	FOUND	NA
chr2:201660331:C:T	MPP4	SNV	HsaEX1024107	chr2_-_201660331_201660346	known_mic	0	dn	0.0003723607	0.29372534	12.7204936122304	-0.7959370892687289	hg38	.	FOUND	NA
chr2:203382207:G:A	ABI2	SNV	HsaEX1046522	chr2_+_203382188_203382206	known_mic	0	dn	0.031708732	0.99944896	17.640526183478	-0.8932414463489498	hg38	.	FOUND	NA
chr2:206587736:T:A	ADAM23	SNV	putative_microexon_000543790	chr2_+_206587716_206587734	new_mic	1	dn	2.5258712e-05	0.118554406	15.1552926545866	-0.8167774121917787	hg38	.	FOUND	NA
chr2:219504869:G:T	GMPPA	SNV	HsaEX0027793	chr2_+_219504853_219504868	known_mic	0	dn	0.013296097	0.99975604	19.0949829390958	-0.9538766445645118	hg38	.	FOUND	NA
chr2:224784733:T:C	DOCK10	SNV	HsaEX0020538	chr2_-_224784736_224784742	known_mic	3	dn	0.4713912	0.99924904	15.3169628538963	-0.6883328123494793	hg38	.	FOUND	NA
chr2:237714277:G:T	LRRFIP1	SNV	HsaEX0036734	chr2_+_237714258_237714276	known_mic	0	dn	0.1742728	0.99975723	14.2520897545958	-1.0000000000000004	hg38	.	FOUND	NA
chr2:240728386:T:C	KIF1A	SNV	HsaEX0034463	chr2_-_240728388_240728412	known_mic	2	dn	0.83244216	0.9986541	9.27618699522646	-0.7786150918308441	hg38	.	FOUND	NA
chr3:2227636:T:A	CNTN4	SNV	putative_microexon_000009566	chr3_+_2227606_2227630	new_mic	5	dn	6.2270847e-06	0.0049268287	14.3554027223937	-0.6711760982945002	hg38	.	FOUND	NA
chr3:9903414:T:C	IL17RE	SNV	HsaEX0031380	chr3_+_9903396_9903412	known_mic	1	dn	0.31452152	0.99343044	11.7832295024153	-0.7098589598017278	hg38	.	FOUND	NA
chr3:48650273:A:C	CELSR3	SNV	HsaEX0014560	chr3_-_48650274_48650289	known_mic	-207	c1	0.0027937696	0.1627766	6.87381460135584	-0.8898720838491494	hg38	.	FOUND	NA
chr3:48650273:A:C	CELSR3	SNV	HsaEX0014560	chr3_-_48650274_48650289	known_mic	1	dn	0.0027937696	0.1627766	6.87381460135584	-0.8898720838491494	hg38	.	FOUND	NA
chr3:51332990:G:A	DOCK3	SNV	HsaEX0020578	chr3_+_51333000_51333027	known_mic	-168	c2	0.03421961	0.90436155	8.41158379090667	-0.9582068192564227	hg38	.	FOUND	NA
chr3:51332990:G:A	DOCK3	SNV	HsaEX0020578	chr3_+_51333000_51333027	known_mic	-11	up	0.03421961	0.90436155	8.41158379090667	-0.9582068192564227	hg38	.	FOUND	NA
chr3:53802174:G:T	CACNA1D	SNV	HsaEX0011961	chr3_+_53802146_53802173	known_mic	0	dn	0.00015094547	0.78907305	14.5968825614671	-1.0000000000000007	hg38	.	FOUND	NA
chr3:56297146:T:C	ERC2	SNV	HsaEX0022986	chr3_-_56297081_56297105	known_mic	-41	up	0.0015410733	0.16604584	10.0209709194284	-0.6996564840837827	hg38	.	FOUND	NA
chr3:62498141:C:A	CADPS	SNV	HsaEX0012113	chr3_-_62498145_62498154	known_mic	4	dn	0.012102324	0.70799273	8.76610182941747	-0.870254077203133	hg38	.	FOUND	NA
chr3:62544843:C:T	CADPS	SNV	HsaEX0012114	chr3_-_62544847_62544859	known_mic	4	dn	0.0009543452	0.15409286	8.91998739560274	-0.8492303934258986	hg38	.	FOUND	NA
chr3:171107182:C:A	TNIK	SNV	HsaEX0066242	chr3_-_171107182_171107206	known_mic	0	dn	0.006949568	0.96553737	14.5843741866557	-0.8205375912863624	hg38	.	FOUND	NA
chr3:196404081:C:T	UBXN7	SNV	putative_microexon_000830460	chr3_-_196404054_196404080	new_mic	-1	up	0.00024230745	0.06166752	9.58562134778271	-0.8432429400978207	hg38	.	FOUND	NA
chr4:16035734:C:A	PROM1	SNV	HsaEX0050329	chr4_-_16035734_16035761	known_mic	0	dn	3.2844975e-05	0.30308452	13.6926568888901	-1.0000000000000013	hg38	.	FOUND	NA
chr4:20527867:G:T	SLIT2	SNV	putative_microexon_000013805	chr4_+_20527848_20527866	new_mic	0	dn	0.00011989523	0.018751146	10.9866174956072	-0.6659189462794187	hg38	.	FOUND	NA
chr4:48502827:C:A	FRYL	SNV	HsaEX0026468	chr4_-_48502827_48502845	known_mic	0	dn	0.407481	0.9971334	10.4243027158534	-0.8616816854987966	hg38	.	FOUND	NA
chr4:53440610:T:C	FIP1L1	SNV	HsaEX0025815	chr4_+_53440581_53440608	known_mic	1	dn	0.49117404	0.9992957	15.3565567411608	-0.6851434206239297	hg38	.	FOUND	NA
chr4:55872809:G:A	EXOC1	SNV	putative_microexon_000004521	chr4_+_55872786_55872808	new_mic	0	dn	4.502716e-05	0.0033046047	8.41804446510225	-0.7367802469190922	hg38	.	FOUND	NA
chr4:62028884:A:T	ADGRL3	SNV	HsaEX0036252	chr4_+_62028854_62028881	known_mic	2	dn	0.45105004	0.9992481	14.0782042438863	-0.7571614512492159	hg38	.	FOUND	NA
chr4:102285947:A:C	SLC39A8	SNV	HsaEX1037512	chr4_-_102285948_102285973	known_mic	1	dn	5.8362297e-05	0.9359461	17.9335867381337	-1.0000000000000018	hg38	.	FOUND	NA
chr4:102553895:A:G	NFKB1	SNV	putative_microexon_000005326	chr4_+_102553874_102553891	new_mic	3	dn	0.028693147	0.71741503	10.5748262540639	-0.607600740547936	hg38	.	FOUND	NA
chr4:159344060:G:T	RAPGEF2	SNV	HsaEX0052258	chr4_+_159344035_159344059	known_mic	0	dn	0.0374343	0.9996619	17.623020049964	-0.920059489960284	hg38	.	FOUND	NA
chr4:174303632:G:T	CEP44	SNV	putative_microexon_000241135	chr4_+_174303608_174303631	new_mic	-71	c2	0.00052391604	0.015620881	5.9195141801433	-0.8311415803946931	hg38	.	FOUND	NA
chr4:174303632:G:T	CEP44	SNV	putative_microexon_000241135	chr4_+_174303608_174303631	new_mic	0	dn	0.00052391604	0.015620881	5.9195141801433	-0.8311415803946931	hg38	.	FOUND	NA
chr4:176166110:A:G	WDR17	SNV	HsaEX0070972	chr4_+_176166123_176166144	known_mic	-14	up	0.45605847	0.99730563	12.9507843361787	-0.6784281519778784	hg38	.	FOUND	NA
chr5:1056598:T:A	SLC12A7	SNV	HsaEX0058620	chr5_-_1056581_1056596	known_mic	-2	up	0.0031551386	0.09079176	5.72294278246968	-0.8701020624931018	hg38	.	FOUND	NA
chr5:61115005:G:C	NDUFAF2	SNV	putative_microexon_000798931	chr5_+_61114996_61115000	new_mic	4	dn	1.6096448e-05	0.00026784773	6.11651755945962	-0.6632797196178276	hg38	.	FOUND	NA
chr5:112343414:C:T	EPB41L4A	SNV	putative_microexon_000627428	chr5_-_112343378_112343381	new_mic	-33	up	9.8664505e-06	0.0013049757	7.04914574236836	-0.9999999999999992	hg38	.	FOUND	NA
chr5:113102176:G:C	MCC	SNV	putative_microexon_001383342	chr5_-_113102160_113102168	new_mic	230	c2	7.3422957e-06	0.00061533257	7.28136902971982	-0.8775641944402436	hg38	.	FOUND	NA
chr5:113102176:G:C	MCC	SNV	putative_microexon_001383342	chr5_-_113102160_113102168	new_mic	-8	up	7.3422957e-06	0.00061533257	7.28136902971982	-0.8775641944402436	hg38	.	FOUND	NA
chr5:123605367:G:C	CSNK1G3	SNV	HsaEX0017556	chr5_+_123605338_123605362	known_mic	4	dn	0.0032388868	0.92327195	12.1135827437136	-0.9786151497048735	hg38	.	FOUND	NA
chr5:131450022:C:T	RAPGEF6	SNV	HsaEX0052288	chr5_-_131450022_131450046	known_mic	0	dn	0.52180153	0.99423355	9.17690693386028	-0.7958962582646805	hg38	.	FOUND	NA
chr5:131469800:C:A	RAPGEF6	SNV	HsaEX0052287	chr5_-_131469800_131469815	known_mic	0	dn	0.001374447	0.24222809	9.78195602179753	-0.8034744007036911	hg38	.	FOUND	NA
chr5:139823316:G:A	PSD2	SNV	HsaEX0050530	chr5_+_139823312_139823315	known_mic	0	dn	0.62189764	0.99505377	9.44765553968369	-0.7339811483242391	hg38	.	FOUND	NA
chr5:140561875:A:C	APBB3	SNV	HsaEX0005085	chr5_-_140561843_140561849	known_mic	-225	c1	0.34754676	0.8683033	7.17454388496609	-0.5059063467034088	hg38	.	FOUND	NA
chr5:140561875:A:C	APBB3	SNV	HsaEX0005085	chr5_-_140561843_140561849	known_mic	152	c2	0.34754676	0.8683033	7.17454388496609	-0.5059063467034088	hg38	.	FOUND	NA
chr5:140561875:A:C	APBB3	SNV	HsaEX0005085	chr5_-_140561843_140561849	known_mic	-26	up	0.34754676	0.8683033	7.17454388496609	-0.5059063467034088	hg38	.	FOUND	NA
chr5:151110622:C:T	ANXA6	SNV	HsaEX0004754	chr5_-_151110626_151110644	known_mic	4	dn	0.35764605	0.9991704	13.9190881713507	-0.7959526482746955	hg38	.	FOUND	NA
chr5:168211757:A:C	TENM2	SNV	HsaEX0044634	chr5_+_168211733_168211754	known_mic	2	dn	0.17698929	0.99060565	10.9128721090097	-0.8189982204684483	hg38	.	FOUND	NA
chr5:173943050:G:A	CPEB4	SNV	HsaEX0016976	chr5_+_173943025_173943049	known_mic	0	dn	0.0006261715	0.60137796	12.6116595605093	-0.8907234878699817	hg38	.	FOUND	NA
chr5:177491398:A:G	PDLIM7	SNV	HsaEX0046423	chr5_-_177491403_177491420	known_mic	251	c2	0.8703434	0.99987555	12.830485360011497	-0.7969361419885049	hg38	.	FOUND	NA
chr5:177491398:A:G	PDLIM7	SNV	HsaEX0046423	chr5_-_177491403_177491420	known_mic	5	dn	0.8703434	0.99987555	12.830485360011497	-0.7969361419885049	hg38	.	FOUND	NA
